Title,Upload_Date,Type,ID
GINGERS DO HAVE SOULS!!,01/14/2010,YouTube,EY39fkmqKBM
Charlie bit my finger – again !,05/22/2007,YouTube,_OBlgSz8sSM
“Chocolate Rain” Original Song by Tay Zonday,04/22/2007,YouTube,EwTZ2xpQwpA
Katelyn Ohashi – 10.0 Floor (1-12-19),01/12/2019,YouTube,4ic7RNS4Dfo
David After Dentist,01/30/2009,YouTube,txqiwrbYGrs
Dramatic Chipmunk,06/19/2007,YouTube,a1Y73sPHKxw
Evolution of Dance,04/06/2006,YouTube,dMH0bHeiRNg
RickRoll’D,05/15/2007,YouTube,oHg5SJYRHA0
Charlie Schmidt’s Keyboard Cat! - THE ORIGINAL!,06/07/2007,YouTube,J---aiyznGQ
Hey Jude,02/19/2008,YouTube,wgrrQwLdME8
Charlie The Unicorn,04/30/2006,YouTube,Q5im0Ssyyus
YouForgotBlueberries.com,03/10/2009,YouTube,yqEeP1acj4Y
Grape lady falls!,12/19/2007,YouTube,aMS0O3kknvk
Numa Numa,12/11/2006,YouTube,KmtzQCSh6xk
Little Girl Regrets Trying Wasabi,03/01/2018,YouTube,VCKg_tbYjgs
Wilford Brimley – The Beetis,01/24/2006,YouTube,pod4jIKT_kA
OK Go – Here It Goes Again,02/26/2009,YouTube,dTAAsCNK7RA
Susan Boyle: I Dreamed A Dream - Britain's Got Talent 2009 - The Final,05/30/2009,YouTube,4BvBkTmDWBA
Keeping your refrigerator stocked will get you many women,08/20/2008,YouTube,IBRL7D0wcXM
"Excited train guy, New York!",06/16/2012,YouTube,6lutNECOZFw
Miss Teen USA 2007 - South Carolina answers a question,08/24/2007,YouTube,lj3iNxZ8Dww
The Crazy Nastyass Honey Badger (original narration by Randall),01/18/2011,YouTube,4r7wHMg5Yjg
Ain't Nobody Got Time for That!-Original,10/28/2012,YouTube,zGxwbhkDjZM
supa hot fire vs b bone,12/02/2013,YouTube,qfCsRhscK9s
Mr. Trololo original upload,11/26/2009,YouTube,oavMtUWDBTM
Corgi Stampede,07/31/2008,YouTube,HGwQqxDWE2M
"Daft Hands - Harder, Better, Faster, Stronger",06/06/2007,YouTube,K2cYWfq--Nw
Rebecca Black – Friday,07/16/2011,YouTube,kfVsfOSbJY0
Bill O'Reilly freaking out! (ORIGINAL VIDEO) : classic,10/24/2009,YouTube,Qy-Y3HJNU_s
BED INTRUDER SONG!!!,07/31/2010,YouTube,hMtZfW2z9dw
Watermelon Launch,07/07/2010,YouTube,8cfeTZNcA3g
The Screaming Sheep (Original Upload),04/09/2012,YouTube,SIaFtAKnqBU
Sister Covers Baby Brother in Peanut Butter,03/23/2016,YouTube,qZLs7BHhduA
Yosemitebear Mountain Double Rainbow 1-8-10,01/08/10,YouTube,OQSNhk5ICTI
You On Kazoo!,08/25/14,YouTube,cRpdIrq7Rbo
George Washington,03/13/09,YouTube,l7iVsdRbhnc
PSY - GANGNAM STYLE(강남스타일) M/V,07/15/12,YouTube,9bZkp7q19f0
Greg Jennings (Broken Leg) scores on the saints,04/18/10,YouTube,1P0yfq2wDvU
Why the fuck you lying official (full video),07/15/15,YouTube,qlOTNtUvhe8
My New Haircut: Original Version,12/16/11,YouTube,Q5QJ9i_o5vo
Otters holding hands,03/19/07,YouTube,epUk3T2Kfno
"history of the entire world, i guess",05/10/17,YouTube,xuCn8ux2gbs
David Blaine Street Magic 2: The Sequel,04/11/07,YouTube,PGrTvNzGCZE
David Blaine Street Magic Part 3,12/27/07,YouTube,XHbYTm8U1v8
David Blaine Street Magic Part 1,12/03/10,YouTube,DCsMXYgLXqs
Creed Shreds 3 You Sh!t Here With Me LIVE!.avi,02/08/10,YouTube,ms61I54CeQA
Cop Eats Pot Brownies Calls 911 (Full),05/14/07,YouTube,hrZLc9lqQM0
Raptor Mascot Double Fail,08/27/10,YouTube,v-Zph323Dos
Gimme Pizza Slow,07/22/10,YouTube,wusGIl3v044
Flea Market Montgomery - Long Version,11/30/06,YouTube,FJ3oHpup-pk
Alex Jones and the Fish People,08/11/16,YouTube,TzNeg9D-EZ4
Children interrupt BBC News interview - BBC News,03/10/17,YouTube,Mh4f9AYRCZY
Dank ass sandboarding son,08/14/08,YouTube,gER7xe11nz8
How is babby formed?,06/29/08,YouTube,Ll-lia-FEIY
Steve Harvey Doesn't Want To Host Family Feud Anymore,05/27/16,YouTube,ZIwAyvoGLu0
Jurassic Park Theme Song (Melodica Cover),01/30/12,YouTube,-w-58hQ9dLk
the ting go skraa full song with lyrics - original - mans not hot,07/14/17,YouTube,KZgjdQwuUb8
Boom Goes the Dynamite,12/23/05,YouTube,W45DRy7M1no
20th Century Fox Fail,02/02/13,YouTube,0xojO-4VFPw
JESUS CHRIST IN RICHMOND PARK: ORIGINAL UPLOAD,11/13/11,YouTube,3GRSbr0EYYU
Bustin,03/31/15,YouTube,0tdyU_gW6WE
toast,01/30/11,YouTube,oaYtFLGELB8
Garbage Day! (high quality),06/14/06,YouTube,i7gIpuIVE3k
"KXVO ""Pumpkin Dance""",11/02/06,YouTube,v4IC7qaNr7I
Zombie Kid Likes Turtles,06/11/07,YouTube,CMNry4PE93Y
Have you ever had a dream like this?,06/02/11,YouTube,G7RgN9ijwE4
this drummer is at the wrong gig,06/01/10,YouTube,ItZyaOlrb7E
Best Street Party Ever - Parents Yet To Find Out,01/14/08,YouTube,xc0CB6URrV0
Nintendo Sixty-FOOOOOOOOOOUR,03/26/06,YouTube,pFlcqWQVVuU
I Can't Believe You've Done This,07/13/07,YouTube,wKbU8B-QVZk
Tim and Eric - Celery Man,08/12/13,YouTube,maAFcEU6atk
